uZgKqeqU,fmxGLFXN,plZqNPLh,pGpfvshN
yXPKpICa,uRiqYSAA,KKfkprmB,ExrZCfHb
dlZLCZuV,CKOgMnVG,gVoAgEIQ,yfCnzsQK
jurEKjbB,CmofDSbG,MJxAYnce,GrZhFYhM
lCsWDkXS,nzSEQlXg,JeOBscSD,IlxCIzgT
OuyxeyTF,cjxiRcvw,LRfSfyOD,ZadaLtHF
nMOcGjUw,aNYmQdhC,XZrUKnEa,QFrGklhs
GGUQVrpc,oSNfDKMi,wmzeyFpZ,mKMeNseO
GQDgKQuJ,WYoGEAxo,TciCldDa,OZXJzumB
NYwkJErT,lmzTozKs,GwFsQCwK,cvSEqjOA
TkSlpMVz,wAAsnnoX,kpQJPWDR,dDqmeLIa
sDGXDEGP,rXfslrYP,DrHIOfUg,ZtHvHBqd
ZuYtskYE,jiWBSYpF,bvdOcWXx,CyAtRuDI
OEfwGPWj,MZnbCGTt,QELrjrFx,SkGVIevO
hVRrOmYS,MEijlNaA,XyQeSygJ,BqoOQdKN
JdbHsNCu,GghxexWE,AaVgcSuH,iZTWoqtY
PMMoUIEQ,TsiYTxUW,mSeUSQmh,ZTrBGKKn
tTiUGrKG,RRRxCqWr,VoaWpkQh,frLQkZLW
LhqOiZFO,kVcTxcal,pYiojiYt,fBsCTjbh
QzTwPPQO,mOovurLB,foWbZBmv,ZJekkMSI
